100円,100 Yen
Σカリウム,ΣKalium
あcola,acola
アイギス大山,Aigisu Oyama
あきゅわん,Aqua
あくろす,Across
あしも,Asimo
あすと,Asto
アレク,Arc
いんぜりー,Injelly
ゔぁるとん,Valtone
えくしえ,Exie
エメラルド,Emerald
エモンガ,Emolga
おうし,Oushi
おおもり,Oomori
おサム,Awesome
おすしっくす,Osusix
ガラナ,Guarana
きんてろ,Quintero
グリンカッツ,Grenkuts
くるみす,Kurumis
ぐんそう,Gunsou
けいてぃ,Keity
ケイン小杉,Kein Kosugi
サンリー,Sunry
シダレザクラ,Sidarezakura
じゃぐち,Jaguti
しゅうまい,syumai
じょーじ,George
しょーゆ,Syoyu
ショコボ,Shocobo
ずー,zoo
ゼロール,Zeroll
ダークサムス様,Dark Samus-sama
たいがー,Tiger
たいほう,Taihou
ダイヤル,DiAL
ダマグモキャノン,Dama Gumo Cannon
ちちぶトラベル,Chichibu Travel
てぃんくる,Twinkle
テオナ,Theona
テト,Tet.
てんぐどの,Tengdono
どーしぃ,Dorsey
トリガー,TRIGGER
とるこ,Tolco
ナツメグ,Natumegu
ハードウェア,Hardware
はすいろ,hasuiro
バッファロー,Buffalo
ばにら,Vanilla
ぱる,paru
ぴおにー,Peony
びすこーど,Biscord
ひだかドラピオン,Hidaka Drapion
ビッグパルメちゃん,Big Parme-chan
ビリー,Billy
ふぁーむ,Farm
フィー桜,Phisakura
フェレくま,Ferretkuma
ふたりのきわみアー!,Futari no Kiwami Ah~!
フラウト,Flauto
ぶるーえむ,BlueM
ぷるえいと,Purueight
ぽこぱんつ,Pokopants
ぽんたる,Ponntaru
まきの定食,Makinoteishoku
マサロトム,MasaRotom
まちゃまっちゃ,Matyamattya
マトモ,Matom0
みつ,Mitu
みつきー,mitsuky
めーりす,meiris
メアリー,Mary
メイプル,Maple
もっつぁん,Mottsuan
ヤマナクション,Yamanaction
ユーノ,U-NO
よしのかみー,Yoshinokamy
よっちゃん/よしあき,Yocchan/Yoshiaki
ライトニングいがらし,LightningIgarashi
らくちんし,Rakutinshi
ラックス,Lax
らてぇ,Latee
ラピシオン,Lapixion
ラブゴリラ,Lovegorilla
りゅーおー,Ryuoh
ルート389,Route 389
ルミナス,Luminous
れじん,Resin
ロック,Rock
んあ,@Na
也澤,Narisawa
佳村かえる,Kamura Kaelu
古森霧,komorikiri
新米.,Shinmai
満足,Manzoku
狐温,Kitsune Yutaka
生龍/いきりゅう,Ikiryu
神楽,Kagura
綾月,Ayatuki
腰痛,Yotsu
莉森,Rimori
蛇笏,Dakotsu
雨地,Amachi