Player,Alternative Tags,,,,,
@pinkbombo91,pink,,,,,
+HOPE+,,,,,,
~Phoebe~,~Fez~,,,,,
$BK,,,,,,
0a66b04b,WaDi,,,,,
0mart,,,,,,
111,,,,,,
2a415fe4,Puppeh,,,,,
2a6e2371,Armadillo,,,,,
2Garin,,,,,,
2Scary,,,,,,
33ぺらんbox,33Peranbox,,,,,
3C,,,,,,
3li_SSB,,,,,,
4LRayonier,,,,,,
67,,,,,,
680ce885,Justice,,,,,
8BitMan,,,,,,
9B,,,,,,
A-Crown,,,,,,
Aaron,,,,,,
AaronBoyMan,,,,,,
Abadango,あばだんご,,,,,
abb,,,,,,
Abida,,,,,,
ABR,,,,,,
AC,,,,,,
adom,,,,,,
AdrianSP,,,,,,
ADverb,,,,,,
Ady,,,,,,
aeschli,Crash,,,,,
Aggrise,,,,,,
Agro,,,,,,
AirLi,,,,,,
aj__siv,,,,,,
akasa,,,,,,
AKFirez,,,,,,
AKKO,,,,,,
Aku,,,,,,
Alab,,,,,,
AlanDiss,,,,,,
AlastairBL,,,,,,
Aldnoah,,,,,,
Aleixo,,,,,,
AleX,,,,,,
Alibrime,,,,,,
alice,アリス,,,,,
Allan,,,,,,
Allidar,,,,,,
Almog,,,,,,
alteR,stasyanski,,,,,
Aluf,,,,,,
Amaki,,,,,,
Amaryllis,,,,,,
Anality,,,,,,
Anansi,,,,,,
Anarchy,,,,,,
Anathema,,,,,,
Anbil,,,,,,
AndresFn,catapulta33,,,,,
AndrewT,,,,,,
Andrik,,,,,,
Andru,,,,,,
AnDy,,,,,,
Andy,,,,,,
Ang,,,,,,
Anikai,,,,,,
AnthonyIsntCool,,,,,,
Antimony,,,,,,
Ants,,,,,,
Apex,,,,,,
ApolloKage,,,,,,
Apple Reviewer,,,,,,
AppleWiz,Apple,,,,,
Arain,,,,,,
Arbok,,,,,,
Architect,,,,,,
Arkangel,,,,,,
Armads (HEM),Armads,,,,,
aro,,,,,,
Artist,Ever,,,,,
Asaaj,,,,,,
Asellus,,,,,,
ASH,,,,,,
Ashen,따개비루,Huyu,,,,
Asimo,あしも,,,,,
ASYM,,,,,,
ATATA,,,,,,
Atomic,,,,,,
Atreus,Midnight,xXBuntaifan94000Xx,,,,
AwaggKing,,,,,,
Axem Chriz,,,,,,
Axiom XL,,,,,,
Ayapero,,,,,,
Aychde,,,,,,
Azabeth,,,,,,
Azore,,,,,,
Azrael,,,,,,
Azrael ,GANGSTER PRINCE.,Shaveh,,,,
Ázral,Azral,,,,,
b1913ac1,Elegant,,,,,
B4sedlord,,,,,,
BakedGoods,,,,,,
Banana,,,,,,
Bananime,,,,,,
Banjo,,,,,,
Bapps,,,,,,
BassMage,,,,,,
Batrang,,,,,,
BAvillain,,,,,,
Bayo!,Turning Red,Thourning Red,Steve Master 666,Kitty Patitas Suaves,,
BCLeo,,,,,,
Bean,,,,,,
beanmoney,,,,,,
BeastModePaul,,,,,,
BECK99,Demon,,,,,
Bedgar,Jayce,,,,,
Beet,,,,,,
BeJay !,BeJay!,,,,,
Benathan,,,,,,
Benca,,,,,,
Bernie,,,,,,
Bestia,,,,,,
BetaMan,,,,,,
Bethly,贝丝莉,,,,,
BHIO,,,,,,
BICI,,,,,,
big chungus,,,,,,
Big D,,,,,,
Big Red,,,,,,
Big Stew,BigStew,,,,,
BigFatTurtle,,,,,,
BigFred,,,,,,
BigLord,,,,,,
BIGTTARFAN600,maidan,Pwner,,,,
Bittersweetsymphony,,,,,,
Bl4ck,,,,,,
Blackrenown,,,,,,
Blacktwins13,Blacktwins,,,,,
Blas,,,,,,
Blaze,,,,,,
Blazed,,,,,,
BlitzLuigy,,,,,,
Bloom4Eva,,,,,,
bluecat,藍貓,,,,,
BlueDemon,,,,,,
Blueka,Bayoncé,Bayo Minaj,,,,
Blues,,,,,,
Bocchi,,,,,,
Bomboozler,Edmond,,,,,
Bonilla,,,,,,
Bookius,,,,,,
Br1 AV,,,,,,
Brain Power,,,,,,
Braixen,,,,,,
Brando,,,,,,
BreadStick,,,,,,
Brendy777,,,,,,
BriAutumn,,,,,,
Bro1,,,,,,
Bruho,,,,,,
BT.YAMATO,,,,,,
Bubbles,,,,,,
BulborbBob,,,,,,
Burnlight,,,,,,
Burst,NotAYoshiMain,NamikazeBurst,,,,
Bushaheen,,,,,,
bushihunzi,,,,,,
Byaluc,PsY,Byaluc519,DrMayoPastramiSandwich99,mario@abuser.com,,
C@den,,,,,,
Cali,,,,,,
Calvaflow,,,,,,
Cam ping,Cam,,,,,
Candle,thirty4,,,,,
Cantu,,,,,,
Capitancito,,,,,,
Captain L,,,,,,
Castle,,,,,,
Catalyst,,,,,,
Catalyxx,,,,,,
CC/Ultm salt,Ultm salt,Ultimate salt,,,,
ced,cedfund,,,,,
Chadi776,M4d_Ara,,,,,
Chag,,,,,,
Charlie,,,,,,
Charliedaking,,,,,,
Chase,Ai hoshino,2B,Yuno,,,
Chazz,,,,,,
Chazz ,,,,,,
CheesetheGamer,,,,,,
Chef,,,,,,
Cherrycherim,,,,,,
ChetKie,,,,,,
chicken,ちきん,,,,,
chipotle,,,,,,
Choco,ちょこ,,,,,
Chokeyuken,,,,,,
CHOSEN,,,,,,
Chronos,,,,,,
Chugs,Was Pops wrong for this?,,,,,
ChunkyKong,,,,,,
CK,,,,,,
Clay,,,,,,
Clique,,,,,,
Cloudy,,,,,,
CloudZX,,,,,,
Coach Ben,<-/ben,,,,,
Cobra,,,,,,
Coleman,,,,,,
Colga roon,When_Lie,,,,,
comet,,,,,,
Con_Gaming,,,,,,
conbeef,,,,,,
Confnin,Confolio,Big Conf,TeaTimeTony,,,
Connor,,,,,,
Conquest,,,,,,
Corey,,,,,,
Cormeme,,,,,,
Corraje,,,,,,
Corvo,,,,,,
Cosmos,,,,,,
Creeperconstable,,,,,,
crêpe salée,crepe salee,Gofiesta's n°1 fan,,,,
Crisam,,,,,,
Criswindstorm,,,,,,
Croi,,,,,,
Croustillant Biscuit Sec,Kami,,,,,
Cruise,If You lose to me U Suck,CREWS,,,,
CSalt,C-Salt,,,,,
CurryGovernor,,,,,,
Cyan,,,,,,
Cyan,,,,,,
D’Taku,D'Taku,,,,,
D$rex,$$D$rex$$,,,,,
D3,,,,,,
D5,,,,,,
d6abfb2d,Machu,,,,,
DaakRD,Daak,Soarin.RD,,,,
Dabuz,,,,,,
Dags,,,,,,
DangoTinker,,,,,,
DannyDarko,DYNAMIC,,,,,
Dany,Dany2theny,,,,,
DanyBoy,,,,,,
DanyPB,,,,,,
Dark Wizzy,,,,,,
Dawn,,,,,,
Dawsk,,,,,,
Dayyy,,,,,,
daze,,,,,,
DC,,,,,,
DD,,,,,,
DDee,,,,,,
DDIS,,,,,,
Deck,,,,,,
DeepFreeze,,,,,,
Deer,,,,,,
Denos,,,,,,
Deox6,,,,,,
DERBAS,,,,,,
Desmona,,,,,,
Destany,,,,,,
devastator,,,,,,
Deviljhoey,,,,,,
DeviTangerine,Dheiwkbsjenwisnbd,DeVi,,,,
Dexter,,,,,,
Dez,,,,,,
Dh Hunter,Hunter,,,,,
Dia,,,,,,
DieG0D,,,,,,
Diesel Booster,,,,,,
Dieごろう,DieGorou,,,,,
DIO,,,,,,
Dio_UwU,,,,,,
Divine,,,,,,
dixy,,,,,,
DJDon,,,,,,
Dmitrii,,,,,,
Dmo,,,,,,
Domino,ドミノ(Domino),,,,,
Doomblaze,,,,,,
Doorstop,,,,,,
doperman,,,,,,
Double,,,,,,
Dr. BustDown,,,,,,
DragonFruit,,,,,,
DragonSlayer,,,,,,
Draxsel,,,,,,
Drayv,,,,,,
Dreamer,,,,,,
Drifter,,,,,,
drybie,,,,,,
Dtier,,,,,,
Dugongs,,,,,,
Duplex,,,,,,
Dura,,,,,,
Dusk,,,,,,
DYn,,,,,,
EB Kub4444,Kub4444,,,,,
Echofire,Setsuna Yuki,,,,,
ECruz,,,,,,
Ed^,,,,,,
Eddawg,,,,,,
EdenBean,Eden,,,,,
Egiru,,,,,,
Eim,,,,,,
EKING,,,,,,
Eko,,,,,,
ekzLeon,,,,,,
Eldin,,,,,,
Eleya,,,,,,
Elgin,,,,,,
elijmin,,,,,,
Elio,,,,,,
Elvis,,,,,,
Emann,,,,,,
eMass,Joyboy,,,,,
embo_z,,,,,,
Emi!!,,,,,,
Emma,Emm,,,,,
enhancedpv,,,,,,
Ente,perry das schnabeltier,,,,,
Epic_Gabriel,Epic Gabriel,,,,,
ERA,,,,,,
eric42,,,,,,
Erin,Erik,,,,,
Eros,Nobu,,,,,
Ertiga!,Ertiga,,,,,
ESAM,,,,,,
Escurridizo,,,,,,
Estus,,,,,,
Etsuji,えつじ,,,,,
Exodia,,,,,,
Expiredtaco,,,,,,
extra!?,Extra,,,,,
Eyeris,,,,,,
FABS,,,,,,
Faifra,Faifre,,,,,
Fairess,,,,,,
Fairy Seal,,,,,,
Fancy,,,,,,
Fatality,,,,,,
fatejj,fatejj(草產）,草產(fatejj),草產（fatejj）,fatejj(草產),無上劍主,
fawn,GOCK IN MY RARI,,,,,
Fendeavor,,,,,,
Fenghao,,,,,,
Ferps,,,,,,
Ferstu,,,,,,
Fhantum,,,,,,
firefly,,,,,,
Fireguy10XX,Nova,,,,,
firstbones,,,,,,
Flappy,,,,,,
FLOR,,,,,,
Flow,,,,,,
Foo Fighters,,,,,,
Forze,,,,,,
FOW,,,,,,
Fr33z3Flam3,,,,,,
FRauDFiSH,,,,,,
frawg,,,,,,
Fresh,,,,,,
Frido,,,,,,
Fryd Ryce,,,,,,
FuerzaDON,,,,,,
Fuzzydyne,,,,,,
GaBo,,,,,,
Gachipi,がちぴ,,,,,
Gack's,,,,,,
Gackt,がくと,,,,,
Galdur Kær,Seether,,,,,
Gamase,,,,,,
Gamerdog,,,,,,
GANDIX,,,,,,
GarBel,,,,,,
Garo,,,,,,
GARU,,,,,,
gaze,,,,,,
Gedestra,,,,,,
Geist,,,,,,
Gen,,,,,,
Genialo,,,,,,
Geovanny,,,,,,
Gerald,,,,,,
Ghost,BrickEnthusiast,,,,,
Ghoul979,,,,,,
Glaceon,,,,,,
Glutonny,,,,,,
Go_,,,,,,
Goblin,goblin deez,,,,,
GoDMoDe,,,,,,
Gogeta,,,,,,
Gohenko,,,,,,
GoofyGoober,,,,,,
GotM,,,,,,
Grape,,,,,,
Gravity,,,,,,
Grim,,,,,,
GRPB,,,,,,
Guilheww,,,,,,
Gumanku,,,,,,
GuyGuy,,,,,,
H4,,,,,,
Hades,,,,,,
Hagemanto,,,,,,
HammerBro,,,,,,
Hao,,,,,,
happy,,,,,,
Harlonga,,,,,,
haruka.,,,,,,
hat,Hat Isaac,,,,,
HaunterGV,Haunter,,,,,
Hawk,,,,,,
haytem,,,,,,
Headshot,,,,,,
Heaven,,,,,,
HELA,,,,,,
HENRY LUMA,Luma,,,,,
Herr Oberst Nu,,,,,,
HeyItsZero,,,,,,
Hidden,,,,,,
HIDE,ひで,,,,,
HIKARU,,,,,,
Hohsis,,,,,,
Homika,,,,,,
Hudet,,,,,,
Huezo,,,,,,
Hurt,㍿Hurt,,,,,
Huto,フト,,,,,
Hydro,hydrofx,,,,,
IamGhost,,,,,,
Iberyes,,,,,,
Icebear,,,,,,
Ichigo,,,,,,
IcyK,,,,,,
IcyMist,,,,,,
iHasoon,,,,,,
Ikan,,,,,,
Ike,あいく,,,,,
iModerz,,,,,,
Infinity,,,,,,
ioppppo,,,,,,
Isak,,,,,,
Isco,,,,,,
iStudying,,,,,,
J,,,,,,
J-Snake,,,,,,
J3ly,,,,,,
Ja-Nox,,,,,,
Jade,,,,,,
Jagaimo,じゃがいも,,,,,
Jahzz0,,,,,,
Jai2go,,,,,,
Jaime,,,,,,
Jaka,,,,,,
Jakal,,,,,,
Jake,,,,,,
James_102,,,,,,
Jamie,,,,,,
Jammz,,,,,,
Jams,Nutty Burger,,,,,
jaredisking1,,,,,,
Jarr,,,,,,
Javi,,,,,,
JaviCN,,,,,,
Jay,,,,,,
JaZaR,,,,,,
JB,,,,,,
Jdizzle,,,,,,
JDV,,,,,,
Jecofi,,,,,,
Jegerlilla,,,,,,
JeJaJeJa,,,,,,
Jess,,,,,,
Jezo,,,,,,
Jhosu,,,,,,
Jigle,,,,,,
jinjo,Cohen,Coh,,,,
Jix,,,,,,
jjcat00,DQMasterLasagna000000000,,,,,
JM,,,,,,
Jman Delt*,,,,,,
Jodgers,,,,,,
Joe,,,,,,
Joesse,,,,,,
Joey,,,,,,
Jogibu,Jogibu/じょうぎぶ,じょうぎぶ,,,,
John,,,,,,
John Numbers,,,,,,
Johnny hit,,,,,,
Johto,,,,,,
JoJoDaHoBo,,,,,,
Joker,,,,,,
Jolt,,,,,,
Jome,Jehovis42,,,,,
Jon Bombo,JB,Jonathon Bombathon,Googlemaps,,,
Jonhy,,,,,,
Jordan,,,,,,
Josmarlu,,,,,,
Joz.,,,,,,
JP,,,,,,
jT,,,,,,
Juanpi,,,,,,
Jules,,,,,,
Just Blue,,,,,,
jyo1,,,,,,
K. Kool,,,,,,
K11,,,,,,
K3D,,,,,,
Kabayeezy,,,,,,
kaedegi,楓木,,,,,
Kaido,,,,,,
Kakpu,,,,,,
Kameme,かめめ,,,,,
Kandif,,,,,,
Kanga,Keen,,,,,
Kaninabe,かになべ,,,,,
Kapito22,KazuyaFan22,,,,,
Kappy,,,,,,
Karaage,からあげ,,,,,
Karakuri,,,,,,
Karpador64,,,,,,
Kass,,,,,,
Kazuya virus,,,,,,
Keekay,,,,,,
Keenansaur,Keenansaurus,,,,,
KEN,,,,,,
Kepler,,,,,,
kept,,,,,,
Kerbooples,,,,,,
Kerp,,,,,,
KetFai,,,,,,
Keutz,,,,,,
KHS,,,,,,
KID,,,,,,
Kie,きぃ,,,,,
Kinaji,,,,,,
King,,,,,,
KingP,,,,,,
Kira,,,,,,
Kirb0,,,,,,
KirbyPoyo,,,,,,
Kishiru,キシル,キシル/Kishiru,,,,
KJ,,,,,,
KLOKY,,,,,,
Klopsiak,,,,,,
Kobe,,,,,,
Kodra,Royal,Nipple Rubber,,,,
Kola,SALTONE,,,,,
Kome,コメ,,,,,
Konari,,,,,,
Konkreto,,,,,,
Koolst3r,,,,,,
Koopius,,,,,,
Kowalski_023,,,,,,
KP,,,,,,
Krimson101,,,,,,
KRY,K_R_Y,,,,,
Kryss,,,,,,
Kurama,,,,,,
Kuro1_Fury,,,,,,
ky-9,,,,,,
KyeChimera,,,,,,
L,,,,,,
LA GRIMACE,,,,,,
La_Lapin,,,,,,
Lalini,,,,,,
Lammers44,WindowWasher223,,,,,
Lancelot,,,,,,
LAO9,,,,,,
Larry Lurr,,,,,,
Lasaña,MrLasagna,,,,,
latios,jihyo please call me,winter please call me,,,,
Lea,れあ,,,,,
Leaf,りーふ,,,,,
Leaf ,,,,,,
Leffen,,,,,,
Legacy,,,,,,
Legaia,,,,,,
legend,,,,,,
leggasiini,,,,,,
Lemmon,,,,,,
Leon,,,,,,
LeoN,,,,,,
LeoRyu18,,,,,,
Lets talk,,,,,,
Leviathan,Sharp,naitosharp,,,,
Lids,big lims in timbs,,,,,
Light,,,,,,
Light ,,,,,,
Lil Mr Raul,,,,,,
Lima,,,,,,
LIMa,,,,,,
Ling,,,,,,
LiORi,,,,,,
LittN! ඞ,ElTrollino,LittN!,,,,
Liyrex,,,,,,
loaf,,,,,,
loaf,,,,,,
Locoto,Lokoto,,,,,
Lohan,,,,,,
Loi,,,,,,
lolyoshi,,,,,,
LoneZen,,,,,,
Longo,,,,,,
Lookkrung,,,,,,
Lucas,,,,,,
Lucastrupa,,,,,,
Lucky,,,,,,
Lucm3,,,,,,
Luco,,,,,,
Ludo,,,,,,
Lui$,Luis,,,,,
LuiS,,,,,,
Luisfer,,,,,,
Lukas,,,,,,
Lukewarm,KirbyKid,,,,,
Lukitu,,,,,,
Luma,,,,,,
LumaKing,,,,,,
Lunia,,,,,,
Luugi,,,,,,
Luxa,jery,Toxex,,,,
Lv.1,,,,,,
Ly,,,,,,
Lyfja,,,,,,
Lynard Killer,,,,,,
LynZle,,,,,,
M,Starlord,,,,,
M0tsunabE,Motsunabe,もつなべ,,,,
M4E,,,,,,
MA,,,,,,
Mada,,,,,,
madra rua,Selkie! >.<,nymphia,espeon,skittish waif,Selkie,
Magician,,,,,,
Maister,,,,,,
Mait,,,,,,
MALDO,,,,,,
Maltl0af,GyozaGPT,Maltloaf,,,,
Mandy,,,,,,
Mantolio,,,,,,
Many,,,,,,
Mao,真央,,,,,
Mapelgold,,,,,,
Maplemage,,,,,,
Marcane,,,,,,
Marcio,,,,,,
Marcos/まるこす,Marcos,まるこす,,,,
MariyoTree,,,,,,
Mark,VNB | Mark,,,,,
Maroli,,,,,,
Maroof,,,,,,
Marroll,,,,,,
mars130,,,,,,
Marshall,,,,,,
Marss,,,,,,
MASA,,,,,,
MasterKill,Sabo,,,,,
Mastronarde,,,,,,
Mauu,,,,,,
MazeBeans,,,,,,
Mb Nix,Nix,,,,,
MBG,EL Deech,,,,,
MC,,,,,,
McBlaze,,,,,,
McChutney,,,,,,
McLkos,Lkos,,,,,
Meercko,,,,,,
MeetLeo,,,,,,
MEGA CHAD,,,,,,
Megamac,,,,,,
Melee,,,,,,
MelihMegron,,,,,,
Meme,,,,,,
MemeGunner,,,,,,
Menma,,,,,,
Meru,,,,,,
Mess,,,,,,
Metabug,,,,,,
Metsu,,,,,,
Mezcaul,,,,,,
MFA,,,,,,
Middnights,,,,,,
MindReader,,,,,,
Mirai,May,SUPERBIGMARIOFAN,,,,
Mistah Ping,Mr.Ping,,,,,
Mistake,tamim,,,,,
Mitsu,,,,,,
MKBigBoss,BigBoss,,,,,
MKLaw,Law,,,,,
MkLeo,,,,,,
Mo,,,,,,
MoDzai,,,,,,
Moe ඞ,Ing. Peru,Peru,Ing. Peruඞ,Moe,,
mojobones,,,,,,
Momo,,,,,,
Momo!,,,,,,
Monte,,,,,,
Moo,,,,,,
moom,,,,,,
MopN,Shawn,,,,,
MordeCloud,Joules Axoloth,,,,,
Morgone,,,,,,
morrocoYo,,,,,,
Morsalsa,,,,,,
Mous,,,,,,
Mox,,,,,,
moxi,Pandarian,,,,,
moxi,,,,,,
MPg,,,,,,
mR noMad,,,,,,
Mr. E,,,,,,
Mr. F,,,,,,
Mr.Arska,,,,,,
Mr.R,Mr. R,,,,,
Mr.Rezee,,,,,,
MRW,,,,,,
MtKat,,,,,,
Mugen,HyperKirby,,,,,
Mukuro~,DarkThunder,,,,,
Munekin,むねキン,,,,,
Mursu,,,,,,
Mustaine,OG-Mustaine,,,,,
MuteAce,,,,,,
MVD,,,,,,
MVL,,,,,,
MyNameIs67,,,,,,
Myran,,,,,,
Mysterio,,,,,,
Mystic,Billie Stylish,,,,,
Mystikmol,,,,,,
mzk,,,,,,
n1an,Nian,,,,,
Nabster,,,,,,
Nabtah,,,,,,
NadiA,,,,,,
NaetorU,,,,,,
Nair^,,,,,,
Nao,なお,,,,,
Naranja,,,,,,
Narco,,,,,,
Naskino,,,,,,
Nathan,,,,,,
NathanBoneCrush,,,,,,
Ned,,,,,,
Neeroz,,,,,,
Negima,,,,,,
Neo,,,,,,
Nero,,,,,,
Nery,,,,,,
Nessboy12,,,,,,
NETOmx,,,,,,
NEXUS,,,,,,
Nexus,,,,,,
Nexus ,,,,,,
NFL,,,,,,
Nibodax,,,,,,
Nicko,,,,,,
Nietono,にえとの,,,,,
Nightmare,,,,,,
Niko,,,,,,
Niranira,Ttam,,,,,
Nito,,,,,,
Nitox,,,,,,
No.17,17,,,,,
NocoBros,ノコブロス,,,,,
Noel,,,,,,
NOGGOD,NOGGIE,,,,,
Noi,のい,,,,,
Noke,,,,,,
Noktuz,,,,,,
Nomad,,,,,,
NootNoot,Noot,,,,,
NoTag,,,,,,
NotBrayden,,,,,,
Noway,,,,,,
NStheSN,,,,,,
ö=べりまき,べりまき,Berimaki,,,,
OBESOO,,,,,,
Oblivion129,,,,,,
OBVIO GL,,,,,,
Ocon,,,,,,
Octave,,,,,,
Offline,,,,,,
Ogey,,,,,,
Ok,,,,,,
Okair,,,,,,
omega,,,,,,
OmegaVitor,,,,,,
OmniMoM,,,,,,
Onin,Xx_Aw3sum$t3veMa1n_xX,Pocket,,,,
Ontos,,,,,,
Oolong,Red Oolong,SuperFNAFKid420,,,,
Opsine,,,,,,
Orange,,,,,,
Oryon,,,,,,
Otakuni,,,,,,
otek,,,,,,
Ouch!?,,,,,,
OwlBBs,,,,,,
Oyasumi,,,,,,
Pabu,,,,,,
Pacha,Pachisss,,,,,
Pacha,Border/Hopper,,,,,
Paco,,,,,,
Pain!,,,,,,
Pancakes,,,,,,
Pango,,,,,,
PapaCharly,,,,,,
Paras,Endothia,,,,,
Parchi,,,,,,
Parma Jawn,Ignaize,,,,,
Paroka,,,,,,
parvorbital,1004,Wawa?!,Grievxus,系ぎて,Grievous,OMGkawaiiAngel
Paseriman,ぱせりまん,,,,,
Patience,,,,,,
PATOO,,,,,,
PaulBaulo,,,,,,
Peabnut,,,,,,
Peanut,,,,,,
Peckham,,,,,,
Pelca,,,,,,
Peli,,,,,,
Pellon,X-Pellon,,,,,
Penn,Pennsmash!,,,,,
Pepo,Laborioso ;),,,,,
Peppa,,,,,,
Perezoso,,,,,,
Perla,,,,,,
PeW,,,,,,
Pharaoh,,,,,,
Picotera,,,,,,
PillowTalk Thee Stallion,PillowTalk,,,,,
Pineda,,,,,,
Pink Fresh,,,,,,
Pipwolf,,,,,,
pitonalbina,,,,,,
Pixelmeme,,,,,,
PK,Heru,,,,,
PkChris,,,,,,
Player 7,,,,,,
PlayingAround,,,,,,
Ploopy,,,,,,
Pollitopio,,,,,,
Polty,,,,,,
Ponflex ツ,Ponflex,,,,,
Poppt1,,,,,,
Poro,,,,,,
Potato,,,,,,
Poutine,Canadien Poutine,NCF | Canadien Poutine,,,,
Pow,,,,,,
Poyo,,,,,,
PrinceDemo,,,,,,
PRoM,,,,,,
ProtoBanham,プロトバナム,,,,,
PSI Force,,,,,,
PsineWave,,,,,,
Ptsd,Time?,,,,,
Pyrum,,,,,,
Quandale Dinglelingleton,DDog,,,,,
Quaylectra,,,,,,
Quidd,,,,,,
quiK,,,,,,
Quote,,,,,,
R4PID,,,,,,
R4YM0ND,,,,,,
Raarchyor,,,,,,
raelu,,,,,,
Raflow,,,,,,
Rage,"Rage, The real one",,,,,
RaiderTRK,Raider,,,,,
Raiko,,,,,,
Raikoss,,,,,,
Raleck,,,,,,
Ranai,,,,,,
Rapires,,,,,,
Raul,,,,,,
Ravenking,,,,,,
Rayo,,,,,,
Rayquaza07,,,,,,
RaZe,,,,,,
Raziek,,,,,,
Rearlet,リアーレット/Rearlet,リアーレット,,,,
rebs,,,,,,
Regal,,,,,,
Regalo,,,,,,
Regi Shikimi,Regi,,,,,
Reipon,ReiDianita,,,,,
Relo,Drake,,,,,
Relwrd,,,,,,
Remrin,,,,,,
ReN,,,,,,
renard,,,,,,
Reno,れの,,,,,
Repo,れぽ,,,,,
reridse,,,,,,
Revolver,,,,,,
Rhougue,,,,,,
Riddles,,,,,,
RIGONARDO,,,,,,
Riku,,,,,,
Rinor,,,,,,
Ripka,,,,,,
Ripto,,,,,,
Risas,,,,,,
Risette,,,,,,
Riteshia,りてしあ,,,,,
Rivers,,,,,,
Rizeasu,りぜあす,,,,,
RkVishko,,,,,,
rm8,,,,,,
ROB Slayer,,,,,,
ROBOT3050,,,,,,
Rocke,,,,,,
RockMan,,,,,,
rohan doge,,,,,,
Romeo Santos,,,,,,
Rox,MH Rox,,,,,
RuaanRuaan,,,,,,
Ryan,,,,,,
rydra,,,,,,
Ryng,Jimmy,,,,,
RyuKai,,,,,,
S1rlo,,,,,,
SA Q,Q,,,,,
Sabi01,,,,,,
saboten,さぼてん,,,,,
Sage Mode,,,,,,
Sagetech,,,,,,
Saiyan,,,,,,
Sakana,,,,,,
Salmerón,,,,,,
Saltlord,,,,,,
Salty,,,,,,
sam,,,,,,
Sam,Samuel,,,,,
Sam ,,,,,,
sammm,,,,,,
San,,,,,,
Sandro,,,,,,
Saosin,,,,,,
SassyFlygon,,,,,,
Sausage,,,,,,
Sayhnim,,,,,,
Scend,,,,,,
Scobo,,,,,,
Scoops,,,,,,
Scrull-,,,,,,
Sean,,,,,,
SeaRabbits,,,,,,
sebayee,sebayeeeee,,,,,
SebPro101,Noki Bay Blue Coins </3,,,,,
Seco,,,,,,
Seesaw,,,,,,
Sefaro,,,,,,
Senn,,,,,,
Serge,LOscar,L'Oscar,,,,
SHADIC,,,,,,
Shadow,,,,,,
Shaka,,,,,,
Shaker,,,,,,
shanes,,,,,,
SHARPY,SHARPYZAR,Sharpyzard,VZNO,,,
Shellot,,,,,,
Shen~,illya~<3,illya,,,,
Shiba,,,,,,
Shiggy,,,,,,
Shinsei,,,,,,
ShinyMark,,,,,,
shion,,,,,,
Shirayuki,シラユキ,,,,,
shirome,,,,,,
shmax,,,,,,
Shmu,,,,,,
Sho,DSS,,,,,
Shoe,,,,,,
Shogun,しょーぐん,,,,,
Shop,,,,,,
showers,シャワーズ,,,,,
shoxas,,,,,,
shrutik,nazura,$hrutik,,,,
Shuck3y,,,,,,
Shunitsu,,,,,,
Shuton,しゅーとん,,,,,
Sigma,シグマ,,,,,
Sikey,,,,,,
Silver,,,,,,
Silver ,king_chris,Lights,big blue fan1,Uzuri,melon,
Sinji,,,,,,
Sintro,,,,,,
Sir Dank,,,,,,
Sir Samo,,,,,,
Sisqui,,,,,,
Six_Zhero,Six Hero,,,,,
Skeleton,,,,,,
Skinny the Pooh,,,,,,
SKIPPER,,,,,,
skittles,SKITTLES!!,,,,,
Skitz,,,,,,
SKPeter,,,,,,
Skullkid,,,,,,
SkWiirrel,,,,,,
Skye,,,,,,
Skyjay,,,,,,
Slash,Goodbyes,The Strongest,Ruby Travis Fat,,,
SLASHY,,,,,,
SlawpiPawpi,,,,,,
Slick,,,,,,
Slowpoke,,,,,,
Slvr,,,,,,
Smallleft,,,,,,
Smat,,,,,,
SMB Baki,Baki,,,,,
Smear,,,,,,
Smirk,,,,,,
Smokk,,,,,,
smub,,,,,,
SMX199,,,,,,
Snook,,,,,,
Soar,,,,,,
soh,,,,,,
Solar,,,,,,
Solis,,,,,,
SOLO,,,,,,
Solobattle,,,,,,
Sonido,,,,,,
Sonix,,,,,,
Sora Asakura,,,,,,
soudsamus,,,,,,
SoulArts,,,,,,
SP1,,,,,,
Space,,,,,,
SpamCop,,,,,,
Sparg0,,,,,,
Spickles,,,,,,
Spiderpeta,Batipeta,,,,,
Spike,,,,,,
Spritzy,,,,,,
Spyder,,,,,,
SquidGrilla,,,,,,
SquidNinja,,,,,,
Squidplumber,,,,,,
Sriks,,,,,,
Ssabado Gigante,,,,,,
SSJ3,,,,,,
sssr,,,,,,
Ssunflower,,,,,,
Stacked,,,,,,
Starbadger,,,,,,
Starboy,,,,,,
Starlad,,,,,,
Starlee,,,,,,
StarMod,,,,,,
SteelRhydon,Steel Rhydon,,,,,
Stelar,,,,,,
Stocktaker69,Stocktaker,,,,,
Stronghold,,,,,,
Stryfe,Fetrys,,,,,
Stylos,,,,,,
Styx,,,,,,
Suarez,,,,,,
Suinoko,すいのこ,,,,,
Sunny,,,,,,
Supahsemmie,,,,,,
Superberry,,,,,,
SuperDog,,,,,,
SuperStriker,Clement,Clement.,,,,
Susu,,,,,,
SwL,,,,,,
Syrup,Keshi EBoy,,,,,
T,,,,,,
T3 DOM,,,,,,
Tacobros,,,,,,
Taicho,,,,,,
takera,,,,,,
Tales,,,,,,
Tamaふゆ,Tama,Ruler,,,,
tameigo,,,,,,
Tanark,,,,,,
Tapsy,,,,,,
TapuMelee,,,,,,
Tarik,,,,,,
Tashi,,,,,,
Tavares,Awdio,ChillyChilli,,,,
Tavirow,,,,,,
TBerns,,,,,,
Te-sHi,,,,,,
Tea,てぃー,,,,,
Teaser,,,,,,
Teehee!,,,,,,
TehBlueOne,,,,,,
Terrarian,,,,,,
TG(トリグリ),トリグリ,Toriguri,TG（トリグリ）,,,
Thank,,,,,,
The Chancellor,,,,,,
The favy,,,,,,
THE SCHMIXTAPE,B.G. Tao,Taoudi,,,,
TheeWeston,,,,,,
TheHuzz,,,,,,
Theyla,,,,,,
Thorn,,,,,,
ThymeBalloon,,,,,,
Tickle,,,,,,
Tilde,,,,,,
Titan,,,,,,
Toast,,,,,,
Toasted,Mayonator,Lavender,,,,
TOGURO,Toguro-戸 愚 吕 弟,,,,,
Tolok,,,,,,
Tom,,,,,,
Ton,,,,,,
Tooky,,,,,,
toughsnow,,,,,,
TraX,Trax42,TXK7-TraX,,,,
TriM,,,,,,
Triple,,,,,,
Trucks,,,,,,
TrueGek,,,,,,
Tsu,つー,,,,,
Tsubotsubo,つぼつぼ,,,,,
Tsumusuto,つむすと,,,,,
tsun,,,,,,
Tu Papá,Tu Papa,Gabs,,,,
Tuitt,,,,,,
Turn Up,,,,,,
TV/シダレザクラ,シダレザクラ,Sidarezakura,,,,
Tweek,,,,,,
Twi,,,,,,
Tyranks,,,,,,
U,,,,,,
Umeki,うめき,,,,,
Unfezant,,,,,,
Utop-ian,,,,,,
Vallu,,,,,,
Vanitas,,,,,,
Vapor,,,,,,
Vapor ,,,,,,
varun,,,,,,
ven,,,,,,
Vendetta,,,,,,
VenJimX,,,,,,
Venom,,,,,,
vest,,,,,,
veto,,,,,,
Vi,,,,,,
Vidad,,,,,,
VoiD,,,,,,
VON,,,,,,
Vongola,,,,,,
Vorg_HNK,Vorg,,,,,
W4wambo,,,,,,
Wabz,,,,,,
Waga,,,,,,
WagThoG,,,,,,
WaKa,,,,,,
Wasac424,,,,,,
Waymas,,,,,,
Weijie01,,,,,,
Weste,,,,,,
Who,,,,,,
Whoophee,,,,,,
Widara,,,,,,
Wildz,,,,,,
william,william!,,,,,
WILLIAM,,,,,,
Willye,,,,,,
Winistar,,,,,,
Wise,,,,,,
Wolfen,,,,,,
Wombat,,,,,,
Wonf,,,,,,
Wrath,,,,,,
Wulfy,,,,,,
Xaïk,Xaik,,,,,
Xaiop,,,,,,
xavier,,,,,,
XCido,,,,,,
Xerzal,,,,,,
Xetroz,,,,,,
XF0,Person,,,,,
xigua,西瓜,,,,,
xSolozx,,,,,,
Xtorm,,,,,,
Xyxeon,Xeon,,,,,
y0lT,,,,,,
Yalmanac,,,,,,
Yan,,,,,,
Yaura,ヤウラ,,,,,
YB,,,,,,
YBL,,,,,,
YDelirious,,,,,,
Yei,Steven V.,,,,,
yesn't,The monkey,Flvme,,,,
Yetey,,,,,,
Yez,,,,,,
Yiazmat Goat,Yiazmat Goth,,,,,
YOC,,,,,,
Yoda Cage,,,,,,
Yone,,,,,,
Yone_pi,,,,,,
yonni,,,,,,
yooo冰,,,,,,
YoseFu,,,,,,
Yoshi_95,,,,,,
Yoshidora,ヨシドラ,,,,,
Yourbro,,,,,,
Yousef2AT,,,,,,
Yuka!,,,,,,
yuki_is_asleep,Yuki,,,,,
Yuri,,,,,,
yuzu,,,,,,
Yン,Yn,,,,,
Z,1b934b9b,,,,,
Z-ONE,,,,,,
Z1LV3RFLOW,CHILEFLOW,,,,,
z3,z3rg3m3n,,,,,
Zac,,,,,,
zackray,ザクレイ,,,,,
Zafire,,,,,,
zaK9999,,,,,,
ZAKI,,,,,,
Zampa,,,,,,
ZanT,,,,,,
ZapaRoach,Zapa Roach,,,,,
ZartZu,,,,,,
ZD,,,,,,
ZebraBoi,,,,,,
Zekip,,,,,,
zell,,,,,,
Zemmol,,,,,,
Zenonyte,,,,,,
Zenyou,,,,,,
Zeon,,,,,,
Zerin,,,,,,
Zick,,,,,,
Zie,,,,,,
Ziffy,,,,,,
Zigzag,,,,,,
Zinoto,,,,,,
Zio,,,,,,
Ziude,,,,,,
Zoboomafoo,Panther,PantherGod,,,,
Zomba,her rob,,,,,
Zoro,Sly,,,,,
Zozef,,,,,,
zurich316,,,,,,
ΩRugal,OmegaRugal,Rugal,,,,
あーす,Earth,,,,,
あcola,acola,,,,,
アイゴスキー,Aygoski,,,,,
アカキクス,Akakikusu,,,,,
アキオ,Akio,,,,,
アザラッシュ,Azarush,Azarasshu,,,,
あとりえ,Atelier,,,,,
あんこ,Anko,,,,,
いーじす/ Ezs,いーじす,Ezs,Aegis,,,
イナ_フェノン,Ina_Phenon,,,,,
インクル,Inkuru,,,,,
いんぜりー,Injelly,,,,,
ウスケザ,Usukeza,,,,,
エース,Ace,,,,,
エイク,Eik,,,,,
エルレゴー/ElleGo,ElleGo,エルレゴー,,,,
おいじょーじ,"Oi, George",おいジョージ,,,,
おおもり,Oomori,,,,,
おがとう,Ogatou,,,,,
おび,Obi,,,,,
オムアツ,Omuatsu,,,,,
かえる,Kaeru,,,,,
かしや,Kashiya,,,,,
カルメロ,Carmelo,カルメろ,,,,
きょう,Kyou,,,,,
ギンタマ,Gintama,,,,,
ぐーり,Gu-ri,Guri,,,,
クウヤ,Kuu8,KuYa,Kuuya,,,
くしゃる,Kusharu,,,,,
クルトワ,Kurutowa,,,,,
クレータ,Crete,,,,,
こじかよしお,Kojika Yoshio,,,,,
ゴトウ,Gotou,,,,,
このくるる,Konokururu,,,,,
ゴリオカ,Gorioka,,,,,
コリンク1219,KORINKU1219,コリンク911,KORINKU911,,,
サムスアラン,Samus Aran,SA,,,,
シッショー,Shissho,,,,,
じゃがバター,Jagabata,,,,,
シャドウ,syadou,,,,,
シュピ,Shupi,Syupi,,,,
ショーリミ,Sho Limit,,,,,
しん/Sin,Sin,しん,,,,
スガなんです,Suga Nandesu,Suganandesu,,,,
スノー,Snow,,,,,
すまほ,Sumaho,,,,,
せんら,Senra,,,,,
そめ,Some,Somé,,,,
たいけい/Taikei,Taikei,たいけい,,,,
たいしょー,Taishow,,,,,
タクテリア,Takuteria,,,,,
たす,Tas,,,,,
たまPだいふく,TamaPDaifuku,,,,,
たもピオ,Tamopio,,,,,
ちょんれん,Chonren,,,,,
ツナ,Tsuna,,,,,
ツバキ,Tsubaki,,,,,
つばき,Tsubaki,,,,,
とうふ,Tofu,,,,,
トウラ,Toura,,,,,
どずっち,Dozutchi,,,,,
とみさ,Tomisa,,,,,
ドラ右,Doramigi,ドラみぎ,ドラえもんの右腕,,,
トリガー,TRIGGER,,,,,
なおちゃ,Naocha,,,,,
ななみ,Nanami,,,,,
なにがし,Nanigashi,,,,,
にごう,Nigou,,,,,
にぜまも,Nizemamo,,,,,
にとせんき,Nitosenki,,,,,
にょのknb,Nyonoknb,,,,,
ネイビー,Navy,,,,,
のっとん,Notton,,,,,
ばたおさん,Bataosan,,,,,
バニラ,Vanilla,,,,,
はらせん,Harasen,,,,,
パルメ,Parme,ビッグパルメちゃん,Big Parme-chan,,,
ひで,Hide,,,,,
ふぁいやー,Fire,F1re,,,,
ふい,Fui,,,,,
ふたりのきわみアー!,Futari no Kiwami Ah~!,ふたりのきわみアー！,,,,
ブドー酒,Budoshu,,,,,
ふららら麺,Furararamen,,,,,
ぶるぅ,Blue,,,,,
べじ,Beji,,,,,
へろー,Hero,,,,,
まいぱん,Maipan,,,,,
マイルズ,Miles,,,,,
マイルドなH.O,MildnaH.O,MairudonaH.O,,,,
マキノ,Makino,,,,,
ましゃ,Masha,,,,,
マネーライト,Moneyright,,,,,
ミーヤー,Miya,ミーヤー/Miya,,,,
みこ,Miko,,,,,
みどるん,Midorun,,,,,
みる,Miru,,,,,
みるかげ,Mirukage,,,,,
めたら/Metara,めたら,Metara,,,,
もっつぁん,Mottsuan,,,,,
ヤマナクション,Yamanaction,,,,,
やまゆー,Yamayu,,,,,
ヤンぶー,Yanbu,,,,,
よこしゃーぷ,yoko#,,,,,
よしこう,Yoshiko,,,,,
らき,Raki,,,,,
ラックス,Lax,,,,,
らてぇ,Latte,,,,,
ラピ,Lapi,,,,,
ラリックス　　,Rarikkusu,ラリックス,,,,
らる,Rarukun,らるくん,Raru,,,
りど,Rido,,,,,
リノハ,Rinoha,,,,,
リム,Rimu,,,,,
りゅーおー/Ryuoh,Ryuoh,りゅーおー,,,,
りょぺい,Ryopei,,,,,
るけたす,ruketasu,,,,,
ルナマド,Lunamado,,,,,
ルミナス,Luminous,,,,,
ロキてんどんまん,Loki Tendonman,,,,,
ロッキー,Rokki,,,,,
ロン/Ron,Ron,ロン,,,,
わたる,Wataru,,,,,
わにぱち,Wanipachi,,,,,
利根川,Pain,,,,,
古森霧,komorikiri,,,,,
小明,Xiao Ming,,,,,
广东烧腊传奇,Guangdong Shaola Chuanqi,,,,,
満足,Manzoku,,,,,
空白,Kuhaku,Kuuhaku,,,,
维京VikingFire,VikingFire,,,,,
英都/London,London,英都,,,,
虫子,Chongzi,,,,,
雨飴/uame,uame,雨飴,,,,
风向,kkskcjy,Feng Xiang,,,,
香蕉哥,BananaSlam,,,,,
鸽鸽,Ge Ge,,,,,
黒船,Kurofune,,,,,